Symbol,Name,Country
A,Agilent Technologies Inc. Common Stock,United States
AA,Alcoa Corporation Common Stock ,
AAC,Ares Acquisition Corporation Class A Ordinary Shares,
AACG,ATA Creativity Global American Depositary Shares,China
AACQ,Artius Acquisition Inc. Class A Common Stock,United States
AACQU,Artius Acquisition Inc. Unit ,United States
AACQW,Artius Acquisition Inc Warrant,United States
AAIC,Arlington Asset Investment Corp Class A (new),United States
AAIC^B,Arlington Asset Investment Corp 7.00% ,United States
AAIC^C,Arlington Asset Investment Corp 8.250% Seies C Fixed-to-Floating Rate Cumulative Redeemable Preferred Stock   ,United States
AAL,American Airlines Group Inc. Common Stock,United States
AAMC,Altisource Asset Management Corp Com,United States
AAME,Atlantic American Corporation Common Stock,United States
AAN,Aarons Holdings Company Inc. Common Stock ,United States
AAOI,Applied Optoelectronics Inc. Common Stock,United States
AAON,AAON Inc. Common Stock,United States
AAP,Advance Auto Parts Inc Advance Auto Parts Inc W/I,United States
AAPL,Apple Inc. Common Stock,United States
AAQC,Accelerate Acquisition Corp. Class A Common Stock,
